"cityName","dataTime","so2Value","coValue","o3Value","no2Value","pm10Value","pm25Value","lon","lat"
"강남구","2017-09-25 10:00","0.005","0.6","0.012","0.035","45","34",127.0473248,37.5172363
"강남구","2017-09-24 13:00","0.005","0.5","0.036","0.021","53","36",127.0473248,37.5172363
"강남구","2017-09-24 20:00","0.005","0.5","0.049","0.018","71","55",127.0473248,37.5172363
"강남구","2017-09-24 21:00","0.005","0.5","0.049","0.014","78","62",127.0473248,37.5172363
"강남구","2017-09-25 05:00","0.004","0.4","0.014","0.022","40","27",127.0473248,37.5172363
"강남구","2017-09-24 22:00","0.005","0.4","0.042","0.014","35","24",127.0473248,37.5172363
"강남구","2017-09-24 15:00","0.006","0.5","0.060","0.018","53","38",127.0473248,37.5172363
"강남구","2017-09-24 16:00","0.005","0.5","0.069","0.012","52","36",127.0473248,37.5172363
"강남구","2017-09-24 24:00","0.004","0.4","0.030","0.021","36","23",127.0473248,37.5172363
"강남구","2017-09-24 17:00","0.006","0.5","0.064","0.015","55","42",127.0473248,37.5172363
"강남구","2017-09-25 08:00","0.005","0.5","0.004","0.036","39","26",127.0473248,37.5172363
"강남구","2017-09-24 11:00","0.005","0.5","0.016","0.026","51","34",127.0473248,37.5172363
"강남구","2017-09-24 19:00","0.004","0.5","0.053","0.020","57","43",127.0473248,37.5172363
"강남구","2017-09-24 12:00","0.005","0.5","0.028","0.023","52","33",127.0473248,37.5172363
"강남구","2017-09-25 03:00","0.004","0.5","0.007","0.034","45","34",127.0473248,37.5172363
"강남구","2017-09-24 14:00","0.005","0.5","0.044","0.022","49","34",127.0473248,37.5172363
"강남구","2017-09-25 09:00","0.005","0.5","0.006","0.033","43","29",127.0473248,37.5172363
"강남구","2017-09-25 07:00","0.004","0.4","0.005","0.032","40","27",127.0473248,37.5172363
"강남구","2017-09-25 06:00","0.005","0.4","0.010","0.023","42","28",127.0473248,37.5172363
"강남구","2017-09-25 04:00","0.004","0.4","0.015","0.022","46","32",127.0473248,37.5172363
"강남구","2017-09-25 02:00","0.004","0.5","0.017","0.030","42","31",127.0473248,37.5172363
"강남구","2017-09-25 01:00","0.004","0.5","0.026","0.024","39","25",127.0473248,37.5172363
"강남구","2017-09-24 23:00","0.005","0.4","0.036","0.016","32","22",127.0473248,37.5172363
"강남구","2017-09-24 18:00","0.004","0.5","0.054","0.019","56","42",127.0473248,37.5172363
"강동구","2017-09-24 13:00","0.004","0.5","0.044","0.017","65","30",127.123762,37.5301251
"강동구","2017-09-24 22:00","0.003","0.5","0.049","0.012","64","36",127.123762,37.5301251
"강동구","2017-09-24 17:00","0.005","0.6","0.070","0.019","82","43",127.123762,37.5301251
"강동구","2017-09-25 05:00","0.004","0.5","0.023","0.015","45","21",127.123762,37.5301251
"강동구","2017-09-24 12:00","0.004","0.5","0.031","0.021","70","28",127.123762,37.5301251
"강동구","2017-09-25 03:00","0.004","0.5","0.015","0.022","50","26",127.123762,37.5301251
"강동구","2017-09-25 04:00","0.004","0.5","0.023","0.014","42","17",127.123762,37.5301251
"강동구","2017-09-24 21:00","0.004","0.6","0.053","0.018","85","52",127.123762,37.5301251
"강동구","2017-09-25 07:00","0.004","0.5","0.003","0.036","43","21",127.123762,37.5301251
"강동구","2017-09-24 14:00","0.004","0.6","0.052","0.017","72","37",127.123762,37.5301251
"강동구","2017-09-24 23:00","0.004","0.5","0.039","0.017","53","30",127.123762,37.5301251
"강동구","2017-09-24 24:00","0.003","0.6","0.027","0.030","51","26",127.123762,37.5301251
"강동구","2017-09-25 02:00","0.004","0.5","0.013","0.034","51","23",127.123762,37.5301251
"강동구","2017-09-25 06:00","0.004","0.5","0.009","0.028","44","21",127.123762,37.5301251
"강동구","2017-09-24 18:00","0.004","0.6","0.063","0.022","77","42",127.123762,37.5301251
"강동구","2017-09-24 19:00","0.004","0.6","0.058","0.022","82","42",127.123762,37.5301251
"강동구","2017-09-24 16:00","0.004","0.6","0.069","0.020","75","39",127.123762,37.5301251
"강동구","2017-09-25 10:00","0.004","0.8","0.013","0.032","55","29",127.123762,37.5301251
"강동구","2017-09-24 20:00","0.004","0.6","0.056","0.019","91","43",127.123762,37.5301251
"강동구","2017-09-24 11:00","0.004","0.5","0.021","0.022","69","30",127.123762,37.5301251
"강동구","2017-09-25 09:00","0.004","0.6","0.009","0.031","49","25",127.123762,37.5301251
"강동구","2017-09-24 15:00","0.004","0.6","0.063","0.018","76","42",127.123762,37.5301251
"강동구","2017-09-25 01:00","0.004","0.6","0.017","0.037","52","25",127.123762,37.5301251
"강동구","2017-09-25 08:00","0.003","0.6","0.005","0.036","47","20",127.123762,37.5301251
"강북구","2017-09-25 10:00","0.003","0.5","0.016","0.036","40","22",127.0256575,37.6396099
"강북구","2017-09-24 24:00","0.002","0.3","0.029","0.015","38","26",127.0256575,37.6396099
"강북구","2017-09-25 05:00","0.002","0.4","0.020","0.010","37","25",127.0256575,37.6396099
"강북구","2017-09-24 19:00","0.002","0.4","0.074","0.007","71","54",127.0256575,37.6396099
"강북구","2017-09-25 04:00","0.002","0.4","0.022","0.010","35","24",127.0256575,37.6396099
"강북구","2017-09-24 21:00","0.002","0.4","0.066","0.004","59","44",127.0256575,37.6396099
"강북구","2017-09-24 14:00","0.003","0.5","0.063","0.022","68","47",127.0256575,37.6396099
"강북구","2017-09-24 12:00","0.003","0.5","0.043","0.022","65","39",127.0256575,37.6396099
"강북구","2017-09-24 13:00","0.003","0.5","0.055","0.023","73","48",127.0256575,37.6396099
"강북구","2017-09-24 16:00","0.003","0.5","0.084","0.011","71","51",127.0256575,37.6396099
"강북구","2017-09-25 06:00","0.002","0.4","0.015","0.011","36","25",127.0256575,37.6396099
"강북구","2017-09-25 09:00","0.003","0.5","0.009","0.032","40","24",127.0256575,37.6396099
"강북구","2017-09-24 22:00","0.002","0.3","0.049","0.010","37","26",127.0256575,37.6396099
"강북구","2017-09-24 20:00","0.002","0.4","0.076","0.004","68","50",127.0256575,37.6396099
"강북구","2017-09-24 11:00","0.003","0.4","0.025","0.022","66","38",127.0256575,37.6396099
"강북구","2017-09-24 23:00","0.002","0.5","0.036","0.015","42","30",127.0256575,37.6396099
"강북구","2017-09-24 17:00","0.003","0.5","0.078","0.012","73","55",127.0256575,37.6396099
"강북구","2017-09-24 15:00","0.004","0.5","0.075","0.016","72","50",127.0256575,37.6396099
"강북구","2017-09-24 18:00","0.003","0.5","0.075","0.010","71","53",127.0256575,37.6396099
"강북구","2017-09-25 02:00","0.002","0.4","0.034","0.007","36","24",127.0256575,37.6396099
"강북구","2017-09-25 03:00","0.002","0.3","0.026","0.010","37","26",127.0256575,37.6396099
"강북구","2017-09-25 01:00","0.002","0.3","0.033","0.009","39","28",127.0256575,37.6396099
"강북구","2017-09-25 07:00","0.002","0.4","0.008","0.017","38","26",127.0256575,37.6396099
"강북구","2017-09-25 08:00","0.002","0.5","0.003","0.026","36","24",127.0256575,37.6396099
"강서구","2017-09-24 21:00","0.005","0.4","0.043","0.012","84","46",126.8495382,37.5509786
"강서구","2017-09-25 03:00","0.005","0.5","0.012","0.035","63","34",126.8495382,37.5509786
"강서구","2017-09-24 14:00","0.006","0.5","0.062","0.016","66","51",126.8495382,37.5509786
"강서구","2017-09-24 22:00","0.005","0.4","0.041","0.014","58","29",126.8495382,37.5509786
"강서구","2017-09-25 06:00","0.005","0.5","0.013","0.029","45","22",126.8495382,37.5509786
"강서구","2017-09-25 05:00","0.005","0.4","0.021","0.020","46","27",126.8495382,37.5509786
"강서구","2017-09-25 07:00","0.006","0.5","0.005","0.044","44","22",126.8495382,37.5509786
"강서구","2017-09-24 20:00","0.004","0.5","0.039","0.022","71","52",126.8495382,37.5509786
"강서구","2017-09-25 04:00","0.006","0.4","0.022","0.017","52","30",126.8495382,37.5509786
"강서구","2017-09-24 19:00","0.004","0.5","0.053","0.017","78","67",126.8495382,37.5509786
"강서구","2017-09-25 02:00","0.004","0.5","0.014","0.039","56","33",126.8495382,37.5509786
"강서구","2017-09-25 10:00","0.006","0.6","0.015","0.046","49","25",126.8495382,37.5509786
"강서구","2017-09-24 23:00","0.006","0.5","0.032","0.026","44","22",126.8495382,37.5509786
"강서구","2017-09-24 15:00","0.005","0.5","0.066","0.012","87","51",126.8495382,37.5509786
"강서구","2017-09-24 16:00","0.006","0.5","0.063","0.011","84","53",126.8495382,37.5509786
"강서구","2017-09-24 24:00","0.006","0.5","0.032","0.024","53","29",126.8495382,37.5509786
"강서구","2017-09-24 13:00","0.006","0.5","0.052","0.017","85","50",126.8495382,37.5509786
"강서구","2017-09-24 18:00","0.005","0.5","0.055","0.016","79","62",126.8495382,37.5509786
"강서구","2017-09-24 11:00","0.006","0.5","0.026","0.030","70","38",126.8495382,37.5509786
"강서구","2017-09-25 09:00","0.004","0.6","0.012","0.044","49","21",126.8495382,37.5509786
"강서구","2017-09-24 12:00","0.006","0.5","0.039","0.024","72","43",126.8495382,37.5509786
"강서구","2017-09-24 17:00","0.005","0.5","0.059","0.013","81","48",126.8495382,37.5509786
"강서구","2017-09-25 08:00","0.005","0.6","0.006","0.047","51","25",126.8495382,37.5509786
"강서구","2017-09-25 01:00","0.004","0.5","0.026","0.026","57","26",126.8495382,37.5509786
"관악구","2017-09-24 21:00","0.005","0.5","0.048","0.015","53","41",126.9516133,37.4784063
"관악구","2017-09-24 13:00","0.005","0.5","0.061","0.013","63","39",126.9516133,37.4784063
"관악구","2017-09-25 03:00","0.004","0.5","0.019","0.023","46","30",126.9516133,37.4784063
"관악구","2017-09-24 14:00","0.005","0.5","0.070","0.010","63","42",126.9516133,37.4784063
"관악구","2017-09-24 20:00","0.005","0.6","0.058","0.014","64","50",126.9516133,37.4784063
"관악구","2017-09-24 19:00","0.005","0.6","0.055","0.020","62","48",126.9516133,37.4784063
"관악구","2017-09-25 02:00","0.005","0.6","0.012","0.039","44","29",126.9516133,37.4784063
"관악구","2017-09-25 10:00","0.005","0.6","0.011","0.039","45","25",126.9516133,37.4784063
"관악구","2017-09-24 11:00","0.005","0.5","0.024","0.024","52","31",126.9516133,37.4784063
"관악구","2017-09-25 04:00","0.004","0.5","0.019","0.021","38","26",126.9516133,37.4784063
"관악구","2017-09-25 05:00","0.005","0.5","0.019","0.020","37","23",126.9516133,37.4784063
"관악구","2017-09-24 22:00","0.004","0.5","0.040","0.018","40","29",126.9516133,37.4784063
"관악구","2017-09-24 15:00","0.006","0.5","0.074","0.010","60","43",126.9516133,37.4784063
"관악구","2017-09-24 18:00","0.005","0.5","0.062","0.016","60","47",126.9516133,37.4784063
"관악구","2017-09-24 12:00","0.005","0.5","0.045","0.017","55","35",126.9516133,37.4784063
"관악구","2017-09-25 09:00","0.005","0.6","0.005","0.041","40","22",126.9516133,37.4784063
"관악구","2017-09-25 07:00","0.005","0.6","0.003","0.037","38","24",126.9516133,37.4784063
"관악구","2017-09-24 17:00","0.005","0.5","0.068","0.011","60","47",126.9516133,37.4784063
"관악구","2017-09-24 23:00","0.005","0.5","0.034","0.022","36","23",126.9516133,37.4784063
"관악구","2017-09-24 16:00","0.006","0.5","0.073","0.010","62","46",126.9516133,37.4784063
"관악구","2017-09-25 06:00","0.005","0.5","0.005","0.033","35","23",126.9516133,37.4784063
"관악구","2017-09-24 24:00","0.005","0.5","0.024","0.029","40","28",126.9516133,37.4784063
"관악구","2017-09-25 08:00","0.005","0.5","0.005","0.039","40","22",126.9516133,37.4784063
"관악구","2017-09-25 01:00","0.005","0.6","0.015","0.038","40","24",126.9516133,37.4784063
"광진구","2017-09-24 22:00","0.002","0.6","0.060","0.016","42","35",127.0822938,37.5384843
"광진구","2017-09-25 10:00","0.003","0.7","0.020","0.036","40","29",127.0822938,37.5384843
"광진구","2017-09-24 14:00","0.003","0.8","0.062","0.027","57","43",127.0822938,37.5384843
"광진구","2017-09-24 20:00","0.003","0.8","0.065","0.022","67","50",127.0822938,37.5384843
"광진구","2017-09-24 13:00","0.003","0.8","0.049","0.028","53","38",127.0822938,37.5384843
"광진구","2017-09-24 15:00","0.003","0.8","0.068","0.028","62","46",127.0822938,37.5384843
"광진구","2017-09-25 02:00","0.003","0.8","0.019","0.044","42","30",127.0822938,37.5384843
"광진구","2017-09-25 03:00","0.003","0.7","0.019","0.036","42","29",127.0822938,37.5384843
"광진구","2017-09-24 19:00","0.003","0.9","0.067","0.026","67","51",127.0822938,37.5384843
"광진구","2017-09-25 09:00","0.003","0.7","0.014","0.044","40","29",127.0822938,37.5384843
"광진구","2017-09-25 05:00","0.003","0.7","0.020","0.030","40","27",127.0822938,37.5384843
"광진구","2017-09-24 11:00","0.003","0.9","0.024","0.037","53","34",127.0822938,37.5384843
"광진구","2017-09-24 18:00","0.003","0.8","0.071","0.027","65","51",127.0822938,37.5384843
"광진구","2017-09-24 21:00","0.002","0.8","0.062","0.022","65","50",127.0822938,37.5384843
"광진구","2017-09-25 07:00","0.003","0.6","0.030","0.023","38","25",127.0822938,37.5384843
"광진구","2017-09-24 24:00","0.002","0.7","0.040","0.031","40","27",127.0822938,37.5384843
"광진구","2017-09-24 17:00","0.004","0.8","0.077","0.024","64","49",127.0822938,37.5384843
"광진구","2017-09-24 12:00","0.003","0.9","0.034","0.033","54","35",127.0822938,37.5384843
"광진구","2017-09-25 01:00","0.003","0.8","0.026","0.043","43","33",127.0822938,37.5384843
"광진구","2017-09-24 16:00","0.004","0.8","0.080","0.022","60","49",127.0822938,37.5384843
"광진구","2017-09-24 23:00","0.002","0.6","0.051","0.016","34","25",127.0822938,37.5384843
"광진구","2017-09-25 04:00","0.003","0.8","0.024","0.028","41","29",127.0822938,37.5384843
"광진구","2017-09-25 08:00","0.004","0.7","0.020","0.038","39","29",127.0822938,37.5384843
"광진구","2017-09-25 06:00","0.003","0.7","0.025","0.025","38","25",127.0822938,37.5384843
"구로구","2017-09-25 05:00","0.005","0.5","0.023","0.013","42","25",126.887369,37.4954031
"구로구","2017-09-24 13:00","0.006","0.6","0.053","0.009","71","43",126.887369,37.4954031
"구로구","2017-09-24 14:00","0.006","0.6","0.063","0.008","79","54",126.887369,37.4954031
"구로구","2017-09-25 04:00","0.005","0.5","0.018","0.017","47","37",126.887369,37.4954031
"구로구","2017-09-25 10:00","0.005","0.6","0.015","0.028","49","32",126.887369,37.4954031
"구로구","2017-09-25 03:00","0.005","0.5","0.024","0.013","50","35",126.887369,37.4954031
"구로구","2017-09-24 11:00","0.005","0.6","0.019","0.022","72","37",126.887369,37.4954031
"구로구","2017-09-24 12:00","0.006","0.6","0.035","0.016","65","39",126.887369,37.4954031
"구로구","2017-09-24 21:00","0.005","0.5","0.043","0.010","59","55",126.887369,37.4954031
"구로구","2017-09-25 02:00","0.005","0.6","0.023","0.017","51","36",126.887369,37.4954031
"구로구","2017-09-24 15:00","0.007","0.6","0.063","0.009","80","54",126.887369,37.4954031
"구로구","2017-09-24 22:00","0.005","0.5","0.038","0.011","53","38",126.887369,37.4954031
"구로구","2017-09-24 19:00","0.005","0.6","0.052","0.014","69","59",126.887369,37.4954031
"구로구","2017-09-24 16:00","0.006","0.6","0.061","0.009","73","55",126.887369,37.4954031
"구로구","2017-09-25 07:00","0.005","0.6","0.004","0.030","42","28",126.887369,37.4954031
"구로구","2017-09-24 17:00","0.005","0.6","0.059","0.010","78","56",126.887369,37.4954031
"구로구","2017-09-24 20:00","0.005","0.6","0.051","0.011","61","58",126.887369,37.4954031
"구로구","2017-09-25 09:00","0.005","0.6","0.010","0.027","49","24",126.887369,37.4954031
"구로구","2017-09-25 06:00","0.005","0.6","0.009","0.027","40","23",126.887369,37.4954031
"구로구","2017-09-24 24:00","0.005","0.5","0.027","0.019","45","32",126.887369,37.4954031
"구로구","2017-09-24 18:00","0.005","0.6","0.057","0.010","66","62",126.887369,37.4954031
"구로구","2017-09-24 23:00","0.005","0.5","0.035","0.012","42","26",126.887369,37.4954031
"구로구","2017-09-25 01:00","0.005","0.5","0.028","0.016","45","32",126.887369,37.4954031
"구로구","2017-09-25 08:00","0.005","0.6","0.006","0.029","45","30",126.887369,37.4954031
"금천구","2017-09-25 03:00","0.002","0.6","0.019","0.024","39","34",126.9020358,37.4518527
"금천구","2017-09-25 10:00","0.004","0.7","0.015","0.048","47","34",126.9020358,37.4518527
"금천구","2017-09-24 13:00","0.004","0.5","0.064","0.019","58","46",126.9020358,37.4518527
"금천구","2017-09-25 02:00","0.003","0.5","0.030","0.019","37","31",126.9020358,37.4518527
"금천구","2017-09-24 15:00","0.004","0.6","0.080","0.015","60","51",126.9020358,37.4518527
"금천구","2017-09-25 04:00","0.003","0.5","0.019","0.022","41","33",126.9020358,37.4518527
"금천구","2017-09-24 12:00","0.003","0.5","0.053","0.020","52","40",126.9020358,37.4518527
"금천구","2017-09-24 21:00","0.003","0.5","0.055","0.019","52","44",126.9020358,37.4518527
"금천구","2017-09-25 07:00","0.003","0.6","0.002","0.042","37","28",126.9020358,37.4518527
"금천구","2017-09-24 14:00","0.004","0.6","0.075","0.017","59","48",126.9020358,37.4518527
"금천구","2017-09-24 20:00","0.003","0.6","0.055","0.027","56","49",126.9020358,37.4518527
"금천구","2017-09-25 01:00","0.003","0.5","0.042","0.017","34","28",126.9020358,37.4518527
"금천구","2017-09-24 19:00","0.003","0.6","0.058","0.028","58","48",126.9020358,37.4518527
"금천구","2017-09-25 05:00","0.003","0.5","0.018","0.022","36","27",126.9020358,37.4518527
"금천구","2017-09-24 22:00","0.003","0.5","0.049","0.017","42","31",126.9020358,37.4518527
"금천구","2017-09-24 23:00","0.003","0.5","0.042","0.017","33","25",126.9020358,37.4518527
"금천구","2017-09-25 06:00","0.003","0.6","0.007","0.034","34","26",126.9020358,37.4518527
"금천구","2017-09-24 24:00","0.003","0.5","0.029","0.023","34","26",126.9020358,37.4518527
"금천구","2017-09-24 11:00","0.003","0.6","0.043","0.022","52","37",126.9020358,37.4518527
"금천구","2017-09-25 08:00","0.003","0.7","0.003","0.043","38","30",126.9020358,37.4518527
"금천구","2017-09-24 18:00","0.004","0.6","0.066","0.023","60","49",126.9020358,37.4518527
"금천구","2017-09-25 09:00","0.004","0.8","0.005","0.050","45","35",126.9020358,37.4518527
"금천구","2017-09-24 16:00","0.005","0.6","0.078","0.016","56","48",126.9020358,37.4518527
"금천구","2017-09-24 17:00","0.005","0.6","0.072","0.021","60","51",126.9020358,37.4518527
"노원구","2017-09-24 14:00","0.002","0.6","0.071","0.026","70","45",127.056793,37.6541917
"노원구","2017-09-24 19:00","0.002","0.6","0.083","0.017","75","54",127.056793,37.6541917
"노원구","2017-09-24 13:00","0.002","0.6","0.066","0.020","67","44",127.056793,37.6541917
"노원구","2017-09-25 01:00","0.002","0.5","0.022","0.033","46","26",127.056793,37.6541917
"노원구","2017-09-25 03:00","0.001","0.5","0.030","0.019","46","27",127.056793,37.6541917
"노원구","2017-09-24 20:00","0.002","0.6","0.076","0.014","71","54",127.056793,37.6541917
"노원구","2017-09-24 12:00","0.002","0.5","0.057","0.015","63","36",127.056793,37.6541917
"노원구","2017-09-25 04:00","0.002","0.4","0.034","0.014","46","30",127.056793,37.6541917
"노원구","2017-09-25 02:00","0.002","0.5","0.030","0.023","47","28",127.056793,37.6541917
"노원구","2017-09-25 05:00","0.002","0.4","0.030","0.016","46","28",127.056793,37.6541917
"노원구","2017-09-24 18:00","0.002","0.6","0.088","0.018","73","54",127.056793,37.6541917
"노원구","2017-09-24 23:00","0.002","0.5","0.045","0.021","41","24",127.056793,37.6541917
"노원구","2017-09-24 15:00","0.002","0.6","0.081","0.027","74","47",127.056793,37.6541917
"노원구","2017-09-24 11:00","0.002","0.5","0.041","0.019","65","34",127.056793,37.6541917
"노원구","2017-09-25 10:00","0.002","0.5","0.028","0.033","42","24",127.056793,37.6541917
"노원구","2017-09-25 08:00","0.002","0.6","0.010","0.037","43","27",127.056793,37.6541917
"노원구","2017-09-24 16:00","0.002","0.6","0.099","0.016","75","51",127.056793,37.6541917
"노원구","2017-09-25 09:00","0.002","0.5","0.018","0.034","41","26",127.056793,37.6541917
"노원구","2017-09-24 24:00","0.002","0.5","0.026","0.032","44","26",127.056793,37.6541917
"노원구","2017-09-24 22:00","0.002","0.4","0.058","0.011","44","30",127.056793,37.6541917
"노원구","2017-09-25 06:00","0.002","0.5","0.016","0.026","45","28",127.056793,37.6541917
"노원구","2017-09-24 21:00","0.002","0.5","0.071","0.011","65","49",127.056793,37.6541917
"노원구","2017-09-25 07:00","0.002","0.5","0.011","0.032","42","26",127.056793,37.6541917
"노원구","2017-09-24 17:00","0.002","0.6","0.095","0.017","73","52",127.056793,37.6541917
"도봉구","2017-09-24 20:00","0.004","0.6","0.068","0.014","68","46",127.0470706,37.6687738
"도봉구","2017-09-24 19:00","0.004","0.6","0.070","0.016","72","42",127.0470706,37.6687738
"도봉구","2017-09-24 23:00","0.004","0.5","0.041","0.021","36","22",127.0470706,37.6687738
"도봉구","2017-09-24 15:00","0.005","0.6","0.073","0.020","82","45",127.0470706,37.6687738
"도봉구","2017-09-25 03:00","0.003","0.5","0.032","0.014","41","19",127.0470706,37.6687738
"도봉구","2017-09-24 11:00","0.005","0.6","0.032","0.021","59","30",127.0470706,37.6687738
"도봉구","2017-09-25 08:00","0.003","0.6","0.008","0.034","42","22",127.0470706,37.6687738
"도봉구","2017-09-24 13:00","0.005","0.6","0.060","0.020","70","42",127.0470706,37.6687738
"도봉구","2017-09-24 18:00","0.004","0.6","0.074","0.017","73","50",127.0470706,37.6687738
"도봉구","2017-09-25 10:00","0.004","0.6","0.020","0.034","37","22",127.0470706,37.6687738
"도봉구","2017-09-24 14:00","0.005","0.6","0.065","0.020","91","42",127.0470706,37.6687738
"도봉구","2017-09-24 12:00","0.005","0.6","0.043","0.021","62","30",127.0470706,37.6687738
"도봉구","2017-09-25 02:00","0.003","0.5","0.036","0.016","40","23",127.0470706,37.6687738
"도봉구","2017-09-24 22:00","0.004","0.5","0.053","0.014","38","27",127.0470706,37.6687738
"도봉구","2017-09-24 16:00","0.004","0.6","0.082","0.017","81","43",127.0470706,37.6687738
"도봉구","2017-09-25 04:00","0.003","0.5","0.031","0.012","42","26",127.0470706,37.6687738
"도봉구","2017-09-24 21:00","0.004","0.5","0.065","0.012","55","51",127.0470706,37.6687738
"도봉구","2017-09-25 07:00","0.003","0.6","0.011","0.032","38","21",127.0470706,37.6687738
"도봉구","2017-09-25 05:00","0.003","0.5","0.031","0.012","42","23",127.0470706,37.6687738
"도봉구","2017-09-24 24:00","0.004","0.5","0.033","0.024","35","25",127.0470706,37.6687738
"도봉구","2017-09-25 09:00","0.004","0.6","0.010","0.038","42","17",127.0470706,37.6687738
"도봉구","2017-09-25 06:00","0.003","0.5","0.026","0.017","42","22",127.0470706,37.6687738
"도봉구","2017-09-25 01:00","0.004","0.4","0.039","0.015","39","24",127.0470706,37.6687738
"도봉구","2017-09-24 17:00","0.004","0.6","0.078","0.018","77","49",127.0470706,37.6687738
"동대문구","2017-09-24 19:00","0.005","0.5","0.040","0.016","91","47",127.0400189,37.5743682
"동대문구","2017-09-24 20:00","0.004","0.5","0.036","0.016","86","59",127.0400189,37.5743682
"동대문구","2017-09-24 18:00","0.005","0.5","0.040","0.020","78","48",127.0400189,37.5743682
"동대문구","2017-09-25 05:00","0.004","0.4","0.016","0.018","41","22",127.0400189,37.5743682
"동대문구","2017-09-24 14:00","0.004","0.5","0.037","0.022","83","42",127.0400189,37.5743682
"동대문구","2017-09-24 15:00","0.004","0.5","0.048","0.015","77","44",127.0400189,37.5743682
"동대문구","2017-09-24 13:00","0.005","0.5","0.033","0.021","75","41",127.0400189,37.5743682
"동대문구","2017-09-25 07:00","0.005","0.5","0.003","0.034","42","22",127.0400189,37.5743682
"동대문구","2017-09-24 11:00","0.005","0.5","0.020","0.021","68","30",127.0400189,37.5743682
"동대문구","2017-09-25 08:00","0.004","0.5","0.005","0.037","44","21",127.0400189,37.5743682
"동대문구","2017-09-24 17:00","0.005","0.5","0.046","0.015","79","47",127.0400189,37.5743682
"동대문구","2017-09-25 09:00","0.005","0.5","0.010","0.035","35","22",127.0400189,37.5743682
"동대문구","2017-09-25 10:00","0.005","0.5","0.016","0.028","51","26",127.0400189,37.5743682
"동대문구","2017-09-25 03:00","0.004","0.5","0.011","0.027","50","24",127.0400189,37.5743682
"동대문구","2017-09-24 12:00","0.004","0.5","0.028","0.020","67","37",127.0400189,37.5743682
"동대문구","2017-09-25 06:00","0.004","0.4","0.010","0.024","44","22",127.0400189,37.5743682
"동대문구","2017-09-24 21:00","0.004","0.5","0.039","0.012","68","56",127.0400189,37.5743682
"동대문구","2017-09-25 02:00","0.004","0.5","0.007","0.039","48","25",127.0400189,37.5743682
"동대문구","2017-09-25 04:00","0.004","0.4","0.016","0.019","45","24",127.0400189,37.5743682
"동대문구","2017-09-24 16:00","0.004","0.5","0.048","0.017","75","46",127.0400189,37.5743682
"동대문구","2017-09-24 24:00","0.004","0.5","0.018","0.029","44","24",127.0400189,37.5743682
"동대문구","2017-09-25 01:00","0.004","0.5","0.010","0.038","46","29",127.0400189,37.5743682
"동대문구","2017-09-24 23:00","0.005","0.4","0.026","0.019","41","23",127.0400189,37.5743682
"동대문구","2017-09-24 22:00","0.004","0.4","0.031","0.014","51","32",127.0400189,37.5743682
"동작구","2017-09-25 05:00","0.003","0.5","0.014","0.026","80","36",126.9392525,37.512402
"동작구","2017-09-24 11:00","0.003","0.5","0.032","0.022","63","39",126.9392525,37.512402
"동작구","2017-09-25 04:00","0.003","0.6","0.015","0.028","66","33",126.9392525,37.512402
"동작구","2017-09-25 07:00","0.003","0.5","0.007","0.039","52","30",126.9392525,37.512402
"동작구","2017-09-24 13:00","0.004","0.5","0.067","0.013","70","46",126.9392525,37.512402
"동작구","2017-09-24 19:00","0.003","0.5","0.061","0.021","70","51",126.9392525,37.512402
"동작구","2017-09-24 15:00","0.004","0.5","0.081","0.009","76","51",126.9392525,37.512402
"동작구","2017-09-24 21:00","0.003","0.6","0.055","0.017","85","57",126.9392525,37.512402
"동작구","2017-09-25 03:00","0.003","0.6","0.017","0.031","53","31",126.9392525,37.512402
"동작구","2017-09-25 06:00","0.003","0.6","0.007","0.036","49","29",126.9392525,37.512402
"동작구","2017-09-24 17:00","0.005","0.5","0.076","0.012","80","53",126.9392525,37.512402
"동작구","2017-09-24 18:00","0.004","0.5","0.071","0.015","79","55",126.9392525,37.512402
"동작구","2017-09-24 14:00","0.004","0.5","0.074","0.012","76","48",126.9392525,37.512402
"동작구","2017-09-24 12:00","0.004","0.5","0.049","0.017","63","40",126.9392525,37.512402
"동작구","2017-09-25 09:00","0.003","0.6","0.008","0.044","51","28",126.9392525,37.512402
"동작구","2017-09-25 02:00","0.003","0.5","0.025","0.029","59","29",126.9392525,37.512402
"동작구","2017-09-25 08:00","0.003","0.6","0.006","0.045","50","27",126.9392525,37.512402
"동작구","2017-09-24 16:00","0.004","0.5","0.081","0.010","72","50",126.9392525,37.512402
"동작구","2017-09-24 23:00","0.003","0.4","0.043","0.019","44","28",126.9392525,37.512402
"동작구","2017-09-25 01:00","0.003","0.5","0.028","0.029","54","28",126.9392525,37.512402
"동작구","2017-09-24 20:00","0.003","0.6","0.062","0.018","75","54",126.9392525,37.512402
"동작구","2017-09-25 10:00","0.003","0.6","0.016","0.039","56","33",126.9392525,37.512402
"동작구","2017-09-24 22:00","0.003","0.5","0.050","0.016","60","39",126.9392525,37.512402
"동작구","2017-09-24 24:00","0.003","0.5","0.034","0.024","48","28",126.9392525,37.512402
"마포구","2017-09-24 15:00","0.004","0.6","0.085","0.015","68","47",126.9084211,37.5637561
"마포구","2017-09-24 20:00","0.003","0.7","0.067","0.017","74","51",126.9084211,37.5637561
"마포구","2017-09-24 14:00","0.004","0.6","0.079","0.014","69","46",126.9084211,37.5637561
"마포구","2017-09-24 23:00","0.003","0.5","0.048","0.013","42","30",126.9084211,37.5637561
"마포구","2017-09-24 12:00","0.004","0.6","0.044","0.023","58","36",126.9084211,37.5637561
"마포구","2017-09-24 24:00","0.003","0.6","0.033","0.024","42","26",126.9084211,37.5637561
"마포구","2017-09-24 11:00","0.004","0.6","0.033","0.021","55","31",126.9084211,37.5637561
"마포구","2017-09-25 02:00","0.003","0.7","0.019","0.033","42","27",126.9084211,37.5637561
"마포구","2017-09-25 03:00","0.003","0.6","0.026","0.023","40","27",126.9084211,37.5637561
"마포구","2017-09-25 04:00","0.003","0.5","0.034","0.012","36","24",126.9084211,37.5637561
"마포구","2017-09-24 13:00","0.004","0.6","0.062","0.017","63","43",126.9084211,37.5637561
"마포구","2017-09-25 05:00","0.003","0.5","0.024","0.017","34","24",126.9084211,37.5637561
"마포구","2017-09-24 16:00","0.004","0.6","0.087","0.011","64","50",126.9084211,37.5637561
"마포구","2017-09-25 08:00","0.003","0.6","0.011","0.038","35","23",126.9084211,37.5637561
"마포구","2017-09-24 17:00","0.004","0.6","0.081","0.013","65","48",126.9084211,37.5637561
"마포구","2017-09-24 18:00","0.004","0.7","0.076","0.016","66","52",126.9084211,37.5637561
"마포구","2017-09-24 19:00","0.004","0.6","0.070","0.018","70","51",126.9084211,37.5637561
"마포구","2017-09-25 10:00","0.003","0.7","0.020","0.039","47","27",126.9084211,37.5637561
"마포구","2017-09-24 21:00","0.003","0.6","0.062","0.012","61","44",126.9084211,37.5637561
"마포구","2017-09-25 09:00","0.003","0.7","0.014","0.039","40","23",126.9084211,37.5637561
"마포구","2017-09-24 22:00","0.003","0.5","0.058","0.008","33","28",126.9084211,37.5637561
"마포구","2017-09-25 07:00","0.003","0.6","0.010","0.034","37","24",126.9084211,37.5637561
"마포구","2017-09-25 01:00","0.003","0.6","0.019","0.035","40","29",126.9084211,37.5637561
"마포구","2017-09-25 06:00","0.003","0.6","0.017","0.026","35","25",126.9084211,37.5637561
"서대문구","2017-09-24 21:00","0.004","0.5","0.057","0.019","89","60",126.9367789,37.5791158
"서대문구","2017-09-24 23:00","0.005","0.4","0.044","0.019","39","23",126.9367789,37.5791158
"서대문구","2017-09-24 11:00","0","0","0","0","0","0",126.9367789,37.5791158
"서대문구","2017-09-25 01:00","0.005","0.5","0.027","0.024","47","28",126.9367789,37.5791158
"서대문구","2017-09-24 20:00","0.004","0.6","0.056","0.021","82","64",126.9367789,37.5791158
"서대문구","2017-09-24 22:00","0.005","0.4","0.055","0.016","42","34",126.9367789,37.5791158
"서대문구","2017-09-25 05:00","0.004","0.4","0.029","0.020","41","28",126.9367789,37.5791158
"서대문구","2017-09-24 13:00","0.005","0.5","0.055","0.024","75","46",126.9367789,37.5791158
"서대문구","2017-09-24 19:00","0.005","0.5","0.065","0.020","75","61",126.9367789,37.5791158
"서대문구","2017-09-24 12:00","0.005","0.5","0.044","0.023","66","43",126.9367789,37.5791158
"서대문구","2017-09-25 09:00","0.005","0.5","0.024","0.026","39","28",126.9367789,37.5791158
"서대문구","2017-09-25 07:00","0.004","0.5","0.016","0.028","43","27",126.9367789,37.5791158
"서대문구","2017-09-25 03:00","0.005","0.2","0.039","0.019","44","29",126.9367789,37.5791158
"서대문구","2017-09-25 04:00","0.004","0.4","0.039","0.018","34","23",126.9367789,37.5791158
"서대문구","2017-09-24 15:00","0.006","0.5","0.078","0.020","70","52",126.9367789,37.5791158
"서대문구","2017-09-24 18:00","0.005","0.5","0.067","0.020","74","58",126.9367789,37.5791158
"서대문구","2017-09-24 24:00","0.005","0.5","0.034","0.024","48","34",126.9367789,37.5791158
"서대문구","2017-09-25 06:00","0.004","0.5","0.014","0.026","40","30",126.9367789,37.5791158
"서대문구","2017-09-25 02:00","0.005","0.5","0.024","0.026","45","33",126.9367789,37.5791158
"서대문구","2017-09-25 08:00","0.005","0.7","0.024","0.026","37","23",126.9367789,37.5791158
"서대문구","2017-09-24 14:00","0.006","0.5","0.068","0.022","74","47",126.9367789,37.5791158
"서대문구","2017-09-24 17:00","0.005","0.5","0.072","0.019","66","50",126.9367789,37.5791158
"서대문구","2017-09-25 10:00","0.005","0.5","0.025","0.026","43","23",126.9367789,37.5791158
"서대문구","2017-09-24 16:00","0.005","0.5","0.075","0.020","78","55",126.9367789,37.5791158
"서초구","2017-09-24 23:00","0.004","0.5","0.036","0.018","35","17",127.0324112,37.4837121
"서초구","2017-09-24 22:00","0.004","0.5","0.045","0.012","35","27",127.0324112,37.4837121
"서초구","2017-09-24 20:00","0.005","0.6","0.064","0.010","75","48",127.0324112,37.4837121
"서초구","2017-09-24 21:00","0.005","0.6","0.052","0.016","71","43",127.0324112,37.4837121
"서초구","2017-09-25 05:00","0.005","0.6","0.012","0.028","47","24",127.0324112,37.4837121
"서초구","2017-09-24 17:00","0.005","0.6","0.071","0.009","78","46",127.0324112,37.4837121
"서초구","2017-09-24 19:00","0.005","0.6","0.060","0.017","74","47",127.0324112,37.4837121
"서초구","2017-09-24 24:00","0.004","0.5","0.035","0.018","49","20",127.0324112,37.4837121
"서초구","2017-09-24 15:00","0.005","0.6","0.077","0.007","73","38",127.0324112,37.4837121
"서초구","2017-09-25 09:00","0.005","0.6","0.009","0.033","49","25",127.0324112,37.4837121
"서초구","2017-09-24 18:00","0.005","0.6","0.069","0.008","72","50",127.0324112,37.4837121
"서초구","2017-09-24 11:00","0.005","0.6","0.017","0.027","66","28",127.0324112,37.4837121
"서초구","2017-09-24 12:00","0.005","0.6","0.029","0.026","67","29",127.0324112,37.4837121
"서초구","2017-09-25 04:00","0.004","0.6","0.007","0.036","46","26",127.0324112,37.4837121
"서초구","2017-09-24 13:00","0.005","0.6","0.050","0.019","62","35",127.0324112,37.4837121
"서초구","2017-09-25 10:00","0.005","0.7","0.016","0.035","52","26",127.0324112,37.4837121
"서초구","2017-09-24 14:00","0.005","0.6","0.073","0.008","74","39",127.0324112,37.4837121
"서초구","2017-09-25 08:00","0.005","0.6","0.007","0.035","42","18",127.0324112,37.4837121
"서초구","2017-09-25 06:00","0.005","0.5","0.012","0.026","43","22",127.0324112,37.4837121
"서초구","2017-09-25 07:00","0.005","0.6","0.007","0.031","46","24",127.0324112,37.4837121
"서초구","2017-09-24 16:00","0.006","0.6","0.076","0.006","68","44",127.0324112,37.4837121
"서초구","2017-09-25 03:00","0.005","0.7","0.006","0.040","46","22",127.0324112,37.4837121
"서초구","2017-09-25 01:00","0.005","0.6","0.015","0.041","42","27",127.0324112,37.4837121
"서초구","2017-09-25 02:00","0.005","0.7","0.008","0.043","54","27",127.0324112,37.4837121
"성동구","2017-09-25 04:00","0.004","0.6","0.020","0.017","47","22",127.0371025,37.5633415
"성동구","2017-09-24 20:00","0.003","0.8","0.051","0.021","83","46",127.0371025,37.5633415
"성동구","2017-09-24 15:00","0.004","0.7","0.069","0.015","92","47",127.0371025,37.5633415
"성동구","2017-09-24 12:00","0.004","0.7","0.041","0.017","80","34",127.0371025,37.5633415
"성동구","2017-09-24 21:00","0.003","0.7","0.063","0.011","74","49",127.0371025,37.5633415
"성동구","2017-09-24 16:00","0.003","0.7","0.074","0.014","92","41",127.0371025,37.5633415
"성동구","2017-09-24 14:00","0.004","0.7","0.061","0.017","85","41",127.0371025,37.5633415
"성동구","2017-09-24 24:00","0.003","0.7","0.017","0.025","54","0",127.0371025,37.5633415
"성동구","2017-09-24 17:00","0.004","0.7","0.066","0.019","98","50",127.0371025,37.5633415
"성동구","2017-09-25 05:00","0.003","0.6","0.023","0.013","42","19",127.0371025,37.5633415
"성동구","2017-09-24 23:00","0.003","0.6","0.029","0.019","54","23",127.0371025,37.5633415
"성동구","2017-09-24 19:00","0.004","0.8","0.060","0.019","84","43",127.0371025,37.5633415
"성동구","2017-09-25 09:00","0.005","0.7","0.009","0.032","47","21",127.0371025,37.5633415
"성동구","2017-09-25 07:00","0.003","0.6","0.012","0.023","43","20",127.0371025,37.5633415
"성동구","2017-09-24 11:00","0.004","0.7","0.025","0.021","59","25",127.0371025,37.5633415
"성동구","2017-09-25 03:00","0.004","0.8","0.004","0.031","58","24",127.0371025,37.5633415
"성동구","2017-09-25 08:00","0.004","0.7","0.010","0.027","46","18",127.0371025,37.5633415
"성동구","2017-09-24 13:00","0.004","0.7","0.052","0.016","87","36",127.0371025,37.5633415
"성동구","2017-09-25 10:00","0.004","0.9","0.009","0.034","61","28",127.0371025,37.5633415
"성동구","2017-09-24 18:00","0.004","0.7","0.062","0.021","93","46",127.0371025,37.5633415
"성동구","2017-09-25 06:00","0.003","0.6","0.014","0.016","50","23",127.0371025,37.5633415
"성동구","2017-09-24 22:00","0.003","0.6","0.050","0.010","60","34",127.0371025,37.5633415
"성동구","2017-09-25 02:00","0.004","0.7","0.006","0.033","51","28",127.0371025,37.5633415
"성동구","2017-09-25 01:00","0.003","0.7","0.014","0.027","50","11",127.0371025,37.5633415
"성북구","2017-09-25 04:00","0.003","0.5","0.030","0.014","54","30",127.0182146,37.589116
"성북구","2017-09-24 14:00","0.003","0.7","0.053","0.029","86","50",127.0182146,37.589116
"성북구","2017-09-24 24:00","0.002","0.5","0.031","0.023","48","28",127.0182146,37.589116
"성북구","2017-09-24 15:00","0.004","0.7","0.067","0.026","90","50",127.0182146,37.589116
"성북구","2017-09-24 23:00","0.003","0.5","0.036","0.023","42","21",127.0182146,37.589116
"성북구","2017-09-24 21:00","0.003","0.6","0.059","0.013","84","60",127.0182146,37.589116
"성북구","2017-09-24 12:00","0.003","0.6","0.040","0.026","0","37",127.0182146,37.589116
"성북구","2017-09-25 05:00","0.003","0.5","0.029","0.013","52","28",127.0182146,37.589116
"성북구","2017-09-24 13:00","0.003","0.7","0.050","0.028","99","47",127.0182146,37.589116
"성북구","2017-09-24 11:00","0.003","0.6","0.027","0.026","79","33",127.0182146,37.589116
"성북구","2017-09-25 10:00","0.003","0.7","0.012","0.043","53","27",127.0182146,37.589116
"성북구","2017-09-25 06:00","0.003","0.5","0.019","0.021","49","29",127.0182146,37.589116
"성북구","2017-09-24 22:00","0.002","0.5","0.044","0.016","65","36",127.0182146,37.589116
"성북구","2017-09-25 03:00","0.002","0.5","0.027","0.018","56","31",127.0182146,37.589116
"성북구","2017-09-24 16:00","0.003","0.6","0.074","0.021","88","55",127.0182146,37.589116
"성북구","2017-09-24 19:00","0.003","0.6","0.067","0.015","78","53",127.0182146,37.589116
"성북구","2017-09-24 17:00","0.003","0.6","0.070","0.019","86","54",127.0182146,37.589116
"성북구","2017-09-25 09:00","0.003","0.6","0.011","0.037","49","23",127.0182146,37.589116
"성북구","2017-09-25 01:00","0.002","0.5","0.023","0.026","47","19",127.0182146,37.589116
"성북구","2017-09-24 18:00","0.003","0.6","0.064","0.021","81","53",127.0182146,37.589116
"성북구","2017-09-24 20:00","0.003","0.7","0.063","0.015","80","60",127.0182146,37.589116
"성북구","2017-09-25 08:00","0.003","0.7","0.006","0.040","46","24",127.0182146,37.589116
"성북구","2017-09-25 02:00","0.003","0.6","0.017","0.031","53","30",127.0182146,37.589116
"성북구","2017-09-25 07:00","0.003","0.5","0.008","0.033","46","27",127.0182146,37.589116
"송파구","2017-09-25 04:00","0.004","0.6","0.017","0.019","42","27",127.1065971,37.5145437
"송파구","2017-09-25 05:00","0.005","0.9","0.017","0.017","39","21",127.1065971,37.5145437
"송파구","2017-09-24 12:00","0.005","0.7","0.046","0.018","65","39",127.1065971,37.5145437
"송파구","2017-09-25 03:00","0.005","0.6","0.006","0.032","42","25",127.1065971,37.5145437
"송파구","2017-09-24 13:00","0.004","0.7","0.052","0.019","75","40",127.1065971,37.5145437
"송파구","2017-09-25 10:00","0.005","2.0","0.020","0.043","56","15",127.1065971,37.5145437
"송파구","2017-09-24 21:00","0.004","0.7","0.058","0.017","83","58",127.1065971,37.5145437
"송파구","2017-09-24 15:00","0.004","0.7","0.065","0.019","69","45",127.1065971,37.5145437
"송파구","2017-09-24 22:00","0.004","0.5","0.059","0.014","60","44",127.1065971,37.5145437
"송파구","2017-09-24 23:00","0.004","0.5","0.042","0.016","45","31",127.1065971,37.5145437
"송파구","2017-09-24 16:00","0.005","0.8","0.075","0.018","70","44",127.1065971,37.5145437
"송파구","2017-09-25 02:00","0.005","0.6","0.009","0.035","45","33",127.1065971,37.5145437
"송파구","2017-09-24 20:00","0.004","0.8","0.063","0.018","63","49",127.1065971,37.5145437
"송파구","2017-09-25 01:00","0.004","0.5","0.025","0.026","44","30",127.1065971,37.5145437
"송파구","2017-09-25 07:00","0.005","1.0","0.007","0.028","33","0",127.1065971,37.5145437
"송파구","2017-09-24 14:00","0.004","0.8","0.057","0.020","73","39",127.1065971,37.5145437
"송파구","2017-09-24 24:00","0.004","0.6","0.030","0.027","47","27",127.1065971,37.5145437
"송파구","2017-09-25 09:00","0.005","1.2","0.007","0.034","49","9",127.1065971,37.5145437
"송파구","2017-09-24 17:00","0.005","0.8","0.078","0.018","71","46",127.1065971,37.5145437
"송파구","2017-09-25 06:00","0.005","1.0","0.012","0.020","39","0",127.1065971,37.5145437
"송파구","2017-09-24 19:00","0.004","0.8","0.061","0.022","69","45",127.1065971,37.5145437
"송파구","2017-09-25 08:00","0.005","1.1","0.004","0.029","39","0",127.1065971,37.5145437
"송파구","2017-09-24 11:00","0.005","0.7","0.026","0.024","60","33",127.1065971,37.5145437
"송파구","2017-09-24 18:00","0.004","0.8","0.071","0.021","69","46",127.1065971,37.5145437
"양천구","2017-09-24 13:00","0.004","0.6","0.058","0.017","62","51",126.8663985,37.5168721
"양천구","2017-09-24 20:00","0.003","0.6","0.046","0.019","66","54",126.8663985,37.5168721
"양천구","2017-09-24 22:00","0.003","0.4","0.043","0.016","38","28",126.8663985,37.5168721
"양천구","2017-09-25 03:00","0.002","0.6","0.010","0.038","51","33",126.8663985,37.5168721
"양천구","2017-09-24 21:00","0.003","0.5","0.044","0.017","55","46",126.8663985,37.5168721
"양천구","2017-09-24 15:00","0.003","0.6","0.071","0.015","66","58",126.8663985,37.5168721
"양천구","2017-09-24 12:00","0.003","0.6","0.037","0.026","58","43",126.8663985,37.5168721
"양천구","2017-09-25 01:00","0.003","0.5","0.032","0.023","56","31",126.8663985,37.5168721
"양천구","2017-09-25 04:00","0.003","0.4","0.028","0.018","51","28",126.8663985,37.5168721
"양천구","2017-09-24 14:00","0.004","0.6","0.069","0.015","66","57",126.8663985,37.5168721
"양천구","2017-09-25 05:00","0.003","0.4","0.028","0.017","47","25",126.8663985,37.5168721
"양천구","2017-09-25 02:00","0.003","0.5","0.025","0.028","62","33",126.8663985,37.5168721
"양천구","2017-09-24 23:00","0.002","0.5","0.036","0.024","42","30",126.8663985,37.5168721
"양천구","2017-09-25 06:00","0.003","0.5","0.010","0.036","40","27",126.8663985,37.5168721
"양천구","2017-09-24 19:00","0.003","0.6","0.056","0.022","73","62",126.8663985,37.5168721
"양천구","2017-09-24 24:00","0.003","0.5","0.032","0.025","54","33",126.8663985,37.5168721
"양천구","2017-09-25 09:00","0.003","0.6","0.013","0.042","47","28",126.8663985,37.5168721
"양천구","2017-09-25 10:00","0.003","0.6","0.016","0.043","48","30",126.8663985,37.5168721
"양천구","2017-09-24 18:00","0.004","0.6","0.058","0.020","65","59",126.8663985,37.5168721
"양천구","2017-09-24 11:00","0.003","0.6","0.021","0.032","58","42",126.8663985,37.5168721
"양천구","2017-09-24 17:00","0.003","0.6","0.066","0.016","68","58",126.8663985,37.5168721
"양천구","2017-09-25 07:00","0.002","0.6","0.002","0.047","62","31",126.8663985,37.5168721
"양천구","2017-09-25 08:00","0.003","0.6","0.007","0.043","48","30",126.8663985,37.5168721
"양천구","2017-09-24 16:00","0.003","0.5","0.068","0.015","65","57",126.8663985,37.5168721
"영등포구","2017-09-24 15:00","0.005","0.6","0.100","0.015","82","40",126.8962283,37.5263715
"영등포구","2017-09-24 13:00","0.005","0.7","0.085","0.018","80","36",126.8962283,37.5263715
"영등포구","2017-09-24 17:00","0.005","0.7","0.094","0.015","81","43",126.8962283,37.5263715
"영등포구","2017-09-24 22:00","0.005","0.5","0.056","0.021","53","30",126.8962283,37.5263715
"영등포구","2017-09-25 05:00","0.005","0.4","0.032","0.022","43","19",126.8962283,37.5263715
"영등포구","2017-09-24 20:00","0.006","0.8","0.066","0.025","85","44",126.8962283,37.5263715
"영등포구","2017-09-25 09:00","0.005","0.6","0.020","0.034","40","21",126.8962283,37.5263715
"영등포구","2017-09-25 04:00","0.005","0.4","0.037","0.019","50","19",126.8962283,37.5263715
"영등포구","2017-09-24 21:00","0.005","0.7","0.061","0.022","75","51",126.8962283,37.5263715
"영등포구","2017-09-24 14:00","0.006","0.6","0.095","0.016","88","48",126.8962283,37.5263715
"영등포구","2017-09-24 24:00","0.005","0.6","0.037","0.028","56","23",126.8962283,37.5263715
"영등포구","2017-09-25 03:00","0.005","0.6","0.027","0.029","55","26",126.8962283,37.5263715
"영등포구","2017-09-25 10:00","0.006","0.7","0.023","0.035","52","24",126.8962283,37.5263715
"영등포구","2017-09-24 16:00","0.006","0.6","0.097","0.015","80","41",126.8962283,37.5263715
"영등포구","2017-09-24 12:00","0.005","0.7","0.048","0.028","74","32",126.8962283,37.5263715
"영등포구","2017-09-25 02:00","0.005","0.7","0.012","0.047","58","27",126.8962283,37.5263715
"영등포구","2017-09-24 18:00","0.005","0.8","0.084","0.020","103","43",126.8962283,37.5263715
"영등포구","2017-09-24 19:00","0.005","1.0","0.074","0.024","95","47",126.8962283,37.5263715
"영등포구","2017-09-25 06:00","0.004","0.7","0.011","0.035","42","22",126.8962283,37.5263715
"영등포구","2017-09-25 08:00","0.005","0.5","0.012","0.036","50","19",126.8962283,37.5263715
"영등포구","2017-09-25 01:00","0.005","0.7","0.020","0.038","52","25",126.8962283,37.5263715
"영등포구","2017-09-25 07:00","0.004","0.6","0.011","0.036","48","20",126.8962283,37.5263715
"영등포구","2017-09-24 11:00","0.005","0.7","0.026","0.030","73","27",126.8962283,37.5263715
"영등포구","2017-09-24 23:00","0.005","0.6","0.049","0.022","45","23",126.8962283,37.5263715
"용산구","2017-09-24 20:00","0.003","0.4","0.055","0.016","73","51",126.9654442,37.5384272
"용산구","2017-09-24 13:00","0.003","0.4","0.051","0.019","63","39",126.9654442,37.5384272
"용산구","2017-09-24 21:00","0.003","0.4","0.047","0.022","66","48",126.9654442,37.5384272
"용산구","2017-09-24 15:00","0.003","0.4","0.066","0.025","66","45",126.9654442,37.5384272
"용산구","2017-09-25 05:00","0.003","0.3","0.015","0.017","36","25",126.9654442,37.5384272
"용산구","2017-09-24 22:00","0.003","0.3","0.051","0.008","42","30",126.9654442,37.5384272
"용산구","2017-09-25 04:00","0.003","0.4","0.005","0.031","41","27",126.9654442,37.5384272
"용산구","2017-09-24 14:00","0.003","0.4","0.068","0.016","73","44",126.9654442,37.5384272
"용산구","2017-09-24 12:00","0.004","0.4","0.036","0.020","58","35",126.9654442,37.5384272
"용산구","2017-09-25 09:00","0.003","0.4","0.016","0.028","41","25",126.9654442,37.5384272
"용산구","2017-09-25 03:00","0.003","0.4","0.010","0.026","41","28",126.9654442,37.5384272
"용산구","2017-09-25 06:00","0.003","0.3","0.016","0.016","36","24",126.9654442,37.5384272
"용산구","2017-09-24 23:00","0.003","0.3","0.034","0.012","39","25",126.9654442,37.5384272
"용산구","2017-09-24 16:00","0.004","0.4","0.072","0.020","70","43",126.9654442,37.5384272
"용산구","2017-09-24 17:00","0.004","0.4","0.065","0.023","68","50",126.9654442,37.5384272
"용산구","2017-09-25 10:00","0.004","0.4","0.014","0.034","50","30",126.9654442,37.5384272
"용산구","2017-09-24 11:00","0.004","0.4","0.024","0.023","56","30",126.9654442,37.5384272
"용산구","2017-09-24 19:00","0.003","0.4","0.053","0.026","69","48",126.9654442,37.5384272
"용산구","2017-09-25 02:00","0.003","0.4","0.011","0.028","41","28",126.9654442,37.5384272
"용산구","2017-09-25 01:00","0.003","0.4","0.012","0.033","42","26",126.9654442,37.5384272
"용산구","2017-09-25 07:00","0.003","0.4","0.007","0.027","39","24",126.9654442,37.5384272
"용산구","2017-09-24 18:00","0.004","0.4","0.063","0.022","69","48",126.9654442,37.5384272
"용산구","2017-09-25 08:00","0.003","0.3","0.015","0.024","33","23",126.9654442,37.5384272
"용산구","2017-09-24 24:00","0.003","0.3","0.019","0.025","38","25",126.9654442,37.5384272
"은평구","2017-09-24 20:00","0.003","0.8","0.065","0.017","72","49",126.9291119,37.6026957
"은평구","2017-09-24 13:00","0.004","0.8","0.065","0.018","63","45",126.9291119,37.6026957
"은평구","2017-09-25 04:00","0.003","0.6","0.032","0.011","28","19",126.9291119,37.6026957
"은평구","2017-09-25 09:00","0.003","0.7","0.022","0.023","43","18",126.9291119,37.6026957
"은평구","2017-09-24 12:00","0.004","0.8","0.054","0.019","65","43",126.9291119,37.6026957
"은평구","2017-09-25 10:00","0.003","0.7","0.028","0.022","35","29",126.9291119,37.6026957
"은평구","2017-09-25 03:00","0.003","0.6","0.030","0.012","36","23",126.9291119,37.6026957
"은평구","2017-09-25 08:00","0.003","0.8","0.009","0.028","40","27",126.9291119,37.6026957
"은평구","2017-09-24 21:00","0.003","0.7","0.064","0.010","59","49",126.9291119,37.6026957
"은평구","2017-09-25 05:00","0.003","0.6","0.021","0.014","37","25",126.9291119,37.6026957
"은평구","2017-09-25 06:00","0.003","0.7","0.011","0.023","36","26",126.9291119,37.6026957
"은평구","2017-09-24 22:00","0.003","0.6","0.054","0.012","35","29",126.9291119,37.6026957
"은평구","2017-09-24 11:00","0.004","0.7","0.042","0.016","58","37",126.9291119,37.6026957
"은평구","2017-09-24 19:00","0.003","0.8","0.072","0.016","79","46",126.9291119,37.6026957
"은평구","2017-09-25 02:00","0.003","0.6","0.038","0.012","42","22",126.9291119,37.6026957
"은평구","2017-09-24 17:00","0.003","0.8","0.082","0.013","69","53",126.9291119,37.6026957
"은평구","2017-09-25 01:00","0.003","0.6","0.035","0.016","46","20",126.9291119,37.6026957
"은평구","2017-09-24 14:00","0.004","0.8","0.074","0.017","58","43",126.9291119,37.6026957
"은평구","2017-09-24 16:00","0.004","0.8","0.087","0.013","66","49",126.9291119,37.6026957
"은평구","2017-09-24 15:00","0.004","0.8","0.089","0.013","66","46",126.9291119,37.6026957
"은평구","2017-09-24 23:00","0.003","0.6","0.039","0.020","33","17",126.9291119,37.6026957
"은평구","2017-09-25 07:00","0.003","0.8","0.008","0.031","34","22",126.9291119,37.6026957
"은평구","2017-09-24 18:00","0.003","0.8","0.078","0.014","63","52",126.9291119,37.6026957
"은평구","2017-09-24 24:00","0.003","0.6","0.043","0.015","29","21",126.9291119,37.6026957
"종로구","2017-09-24 13:00","0.004","0.6","0.053","0.026","59","42",126.9793579,37.5729503
"종로구","2017-09-24 14:00","0.004","0.6","0.069","0.023","64","44",126.9793579,37.5729503
"종로구","2017-09-24 20:00","0.003","0.6","0.059","0.021","66","50",126.9793579,37.5729503
"종로구","2017-09-24 18:00","0.004","0.6","0.068","0.024","65","50",126.9793579,37.5729503
"종로구","2017-09-24 19:00","0.003","0.6","0.070","0.018","65","51",126.9793579,37.5729503
"종로구","2017-09-25 03:00","0.003","0.6","0.017","0.032","42","27",126.9793579,37.5729503
"종로구","2017-09-25 06:00","0.003","0.5","0.022","0.024","37","24",126.9793579,37.5729503
"종로구","2017-09-25 04:00","0.003","0.5","0.028","0.020","38","25",126.9793579,37.5729503
"종로구","2017-09-24 22:00","0.003","0.4","0.056","0.011","39","29",126.9793579,37.5729503
"종로구","2017-09-25 10:00","0.003","0.6","0.028","0.032","40","26",126.9793579,37.5729503
"종로구","2017-09-25 01:00","0.003","0.6","0.022","0.037","42","27",126.9793579,37.5729503
"종로구","2017-09-24 23:00","0.003","0.5","0.041","0.021","39","27",126.9793579,37.5729503
"종로구","2017-09-24 12:00","0.004","0.6","0.042","0.026","56","38",126.9793579,37.5729503
"종로구","2017-09-24 15:00","0.004","0.6","0.076","0.024","70","52",126.9793579,37.5729503
"종로구","2017-09-25 05:00","0.003","0.5","0.031","0.016","35","26",126.9793579,37.5729503
"종로구","2017-09-25 08:00","0.003","0.9","0.007","0.044","35","23",126.9793579,37.5729503
"종로구","2017-09-25 09:00","0.003","0.7","0.014","0.039","36","24",126.9793579,37.5729503
"종로구","2017-09-25 07:00","0.003","0.5","0.009","0.036","37","24",126.9793579,37.5729503
"종로구","2017-09-24 24:00","0.003","0.6","0.026","0.034","43","28",126.9793579,37.5729503
"종로구","2017-09-24 17:00","0.004","0.6","0.078","0.018","65","52",126.9793579,37.5729503
"종로구","2017-09-25 02:00","0.003","0.7","0.009","0.045","43","26",126.9793579,37.5729503
"종로구","2017-09-24 16:00","0.004","0.6","0.081","0.019","66","51",126.9793579,37.5729503
"종로구","2017-09-24 21:00","0.003","0.6","0.066","0.012","62","48",126.9793579,37.5729503
"종로구","2017-09-24 11:00","0.004","0.6","0.032","0.026","53","34",126.9793579,37.5729503
"중구","2017-09-24 13:00","0.004","0.6","0.056","0.027","66","45",126.9979403,37.5640907
"중구","2017-09-24 20:00","0.003","0.7","0.056","0.027","74","52",126.9979403,37.5640907
"중구","2017-09-25 06:00","0.003","0.5","0.017","0.031","40","24",126.9979403,37.5640907
"중구","2017-09-24 12:00","0.004","0.6","0.043","0.029","59","37",126.9979403,37.5640907
"중구","2017-09-25 10:00","0.003","0.6","0.024","0.040","45","27",126.9979403,37.5640907
"중구","2017-09-25 01:00","0.003","0.6","0.016","0.045","46","28",126.9979403,37.5640907
"중구","2017-09-24 11:00","0.004","0.6","0.027","0.032","61","35",126.9979403,37.5640907
"중구","2017-09-25 05:00","0.003","0.5","0.018","0.029","41","26",126.9979403,37.5640907
"중구","2017-09-25 02:00","0.003","0.7","0.015","0.042","45","27",126.9979403,37.5640907
"중구","2017-09-25 03:00","0.003","0.6","0.018","0.035","46","28",126.9979403,37.5640907
"중구","2017-09-24 15:00","0.004","0.6","0.078","0.023","74","53",126.9979403,37.5640907
"중구","2017-09-24 19:00","0.003","0.6","0.066","0.024","73","54",126.9979403,37.5640907
"중구","2017-09-24 21:00","0.003","0.5","0.060","0.019","73","50",126.9979403,37.5640907
"중구","2017-09-24 22:00","0.003","0.5","0.048","0.022","53","29",126.9979403,37.5640907
"중구","2017-09-25 07:00","0.003","0.5","0.011","0.039","43","23",126.9979403,37.5640907
"중구","2017-09-24 14:00","0.004","0.6","0.070","0.024","70","49",126.9979403,37.5640907
"중구","2017-09-24 24:00","0.003","0.5","0.024","0.040","47","30",126.9979403,37.5640907
"중구","2017-09-24 17:00","0.004","0.6","0.072","0.024","69","52",126.9979403,37.5640907
"중구","2017-09-24 18:00","0.004","0.7","0.070","0.024","68","52",126.9979403,37.5640907
"중구","2017-09-25 09:00","0.003","0.6","0.014","0.046","44","29",126.9979403,37.5640907
"중구","2017-09-24 16:00","0.004","0.6","0.078","0.022","68","50",126.9979403,37.5640907
"중구","2017-09-25 04:00","0.002","0.6","0.020","0.029","42","28",126.9979403,37.5640907
"중구","2017-09-24 23:00","0.003","0.6","0.032","0.034","45","28",126.9979403,37.5640907
"중구","2017-09-25 08:00","0.003","0.7","0.007","0.050","40","24",126.9979403,37.5640907
"중랑구","2017-09-25 03:00","0.006","0.5","0.019","0.016","42","28",127.0926519,37.6065602
"중랑구","2017-09-24 22:00","0.006","0.4","0.044","0.013","0","0",127.0926519,37.6065602
"중랑구","2017-09-24 20:00","0.007","0.6","0.053","0.018","65","46",127.0926519,37.6065602
"중랑구","2017-09-24 19:00","0.006","0.5","0.058","0.017","65","48",127.0926519,37.6065602
"중랑구","2017-09-24 17:00","0.007","0.5","0.068","0.015","70","51",127.0926519,37.6065602
"중랑구","2017-09-24 15:00","0.006","0.5","0.056","0.021","66","39",127.0926519,37.6065602
"중랑구","2017-09-24 14:00","0.006","0.5","0.044","0.023","65","37",127.0926519,37.6065602
"중랑구","2017-09-24 12:00","0.008","0.5","0.030","0.021","72","32",127.0926519,37.6065602
"중랑구","2017-09-25 07:00","0.005","0.5","0.014","0.026","35","21",127.0926519,37.6065602
"중랑구","2017-09-24 18:00","0.006","0.6","0.058","0.020","70","46",127.0926519,37.6065602
"중랑구","2017-09-25 09:00","0.006","0.5","0.010","0.032","34","16",127.0926519,37.6065602
"중랑구","2017-09-25 02:00","0.006","0.5","0.021","0.020","45","26",127.0926519,37.6065602
"중랑구","2017-09-25 10:00","0.006","0.5","0.012","0.034","46","19",127.0926519,37.6065602
"중랑구","2017-09-24 13:00","0.006","0.5","0.037","0.021","67","32",127.0926519,37.6065602
"중랑구","2017-09-25 04:00","0.006","0.4","0.021","0.011","41","26",127.0926519,37.6065602
"중랑구","2017-09-24 21:00","0.005","0.5","0.054","0.012","0","0",127.0926519,37.6065602
"중랑구","2017-09-25 05:00","0.005","0.4","0.021","0.014","40","20",127.0926519,37.6065602
"중랑구","2017-09-25 06:00","0.005","0.5","0.020","0.017","37","21",127.0926519,37.6065602
"중랑구","2017-09-24 23:00","0.006","0.4","0.035","0.014","38","23",127.0926519,37.6065602
"중랑구","2017-09-24 16:00","0.006","0.5","0.072","0.017","66","40",127.0926519,37.6065602
"중랑구","2017-09-24 24:00","0.006","0.5","0.028","0.020","42","21",127.0926519,37.6065602
"중랑구","2017-09-25 01:00","0.006","0.5","0.020","0.025","39","24",127.0926519,37.6065602
"중랑구","2017-09-25 08:00","0.005","0.5","0.009","0.031","36","18",127.0926519,37.6065602
"중랑구","2017-09-24 11:00","0.006","0.5","0.026","0.018","59","16",127.0926519,37.6065602
